Ref,Val,Package,PosX,PosY,Rot,Side
"C1","0.1uF","C_0805_2012Metric_Pad1.18x1.45mm_HandSolder",15.494000,52.832000,180.000000,top
"C2","0.1uF","C_0805_2012Metric_Pad1.18x1.45mm_HandSolder",84.500000,52.832000,180.000000,top
"C3","0.1uF","C_0805_2012Metric_Pad1.18x1.45mm_HandSolder",38.500000,52.832000,180.000000,top
"C4","0.1uF","C_0805_2012Metric_Pad1.18x1.45mm_HandSolder",61.500000,52.832000,180.000000,top
"C5","0.1uF","C_0805_2012Metric_Pad1.18x1.45mm_HandSolder",107.400000,52.900000,180.000000,top
"C6","0.1uF","C_0805_2012Metric_Pad1.18x1.45mm_HandSolder",130.462500,52.800000,180.000000,top
"C7","0.1uF","C_0805_2012Metric_Pad1.18x1.45mm_HandSolder",15.514300,22.847000,180.000000,top
"C8","0.1uF","C_0805_2012Metric_Pad1.18x1.45mm_HandSolder",84.500000,22.860000,180.000000,top
"C9","0.1uF","C_0805_2012Metric_Pad1.18x1.45mm_HandSolder",38.481000,22.860000,180.000000,top
"C10","0.1uF","C_0805_2012Metric_Pad1.18x1.45mm_HandSolder",61.500000,22.860000,180.000000,top
"C11","0.1uF","C_0805_2012Metric_Pad1.18x1.45mm_HandSolder",107.442000,22.860000,180.000000,top
"C12","0.1uF","C_0805_2012Metric_Pad1.18x1.45mm_HandSolder",130.500000,22.860000,180.000000,top
"C13","0.1uF","C_0805_2012Metric_Pad1.18x1.45mm_HandSolder",24.130000,19.050000,90.000000,top
"C14","0.1uF","C_0805_2012Metric_Pad1.18x1.45mm_HandSolder",86.020000,18.050000,90.000000,top
"C15","0.01uF","C_0805_2012Metric_Pad1.18x1.45mm_HandSolder",31.750000,23.495000,270.000000,top
"C16","0.01uF","C_0805_2012Metric_Pad1.18x1.45mm_HandSolder",100.330000,25.400000,270.000000,top
"C17","0.01uF","C_0805_2012Metric_Pad1.18x1.45mm_HandSolder",29.210000,23.495000,270.000000,top
"C18","0.01uF","C_0805_2012Metric_Pad1.18x1.45mm_HandSolder",97.790000,25.400000,270.000000,top
"C19","0.01uF","C_0805_2012Metric_Pad1.18x1.45mm_HandSolder",36.195000,8.950000,180.000000,top
"C20","0.01uF","C_0805_2012Metric_Pad1.18x1.45mm_HandSolder",95.545000,8.525000,0.000000,top
"C21","0.1uF","C_0805_2012Metric_Pad1.18x1.45mm_HandSolder",42.545000,50.165000,90.000000,top
"C22","0.1uF","C_0805_2012Metric_Pad1.18x1.45mm_HandSolder",153.500000,52.832000,180.000000,top
"C23","0.1uF","C_0805_2012Metric_Pad1.18x1.45mm_HandSolder",52.529740,54.259480,180.000000,top
"C24","0.1uF","C_0805_2012Metric_Pad1.18x1.45mm_HandSolder",40.640000,40.640000,0.000000,top
"C25","0.1uF","C_0805_2012Metric_Pad1.18x1.45mm_HandSolder",52.590700,56.515000,180.000000,top
"C26","0.1uF","C_0805_2012Metric_Pad1.18x1.45mm_HandSolder",153.500000,22.500000,180.000000,top
"C27","0.1uF","C_0805_2012Metric_Pad1.18x1.45mm_HandSolder",162.560000,65.405000,90.000000,top
"C28","0.1uF","C_0805_2012Metric_Pad1.18x1.45mm_HandSolder",162.306000,35.560000,90.000000,top
"C30","0.1uF","C_0805_2012Metric_Pad1.18x1.45mm_HandSolder",48.578000,37.211000,0.000000,top
"C31","0.1uF","C_0805_2012Metric_Pad1.18x1.45mm_HandSolder",141.605000,19.050000,90.000000,top
"C32","10uF","C_0805_2012Metric_Pad1.18x1.45mm_HandSolder",61.595000,19.050000,180.000000,top
"C33","0.01uF","C_0805_2012Metric_Pad1.18x1.45mm_HandSolder",146.050000,25.400000,270.000000,top
"C34","0.01uF","C_0805_2012Metric_Pad1.18x1.45mm_HandSolder",143.510000,25.400000,270.000000,top
"Q5","AO3400A","SOT-23",111.371380,12.047220,0.000000,top
"R1","0","R_0805_2012Metric_Pad1.20x1.40mm_HandSolder",111.318040,39.141400,180.000000,top
"R2","NOP","R_0805_2012Metric_Pad1.20x1.40mm_HandSolder",110.490000,19.050000,90.000000,top
"R3","10k","R_0805_2012Metric_Pad1.20x1.40mm_HandSolder",28.000000,54.000000,90.000000,top
"R4","10k","R_0805_2012Metric_Pad1.20x1.40mm_HandSolder",73.660000,53.340000,90.000000,top
"R5","10k","R_0805_2012Metric_Pad1.20x1.40mm_HandSolder",97.155000,53.340000,90.000000,top
"R6","10k","R_0805_2012Metric_Pad1.20x1.40mm_HandSolder",120.000000,53.300000,90.000000,top
"R7","10k","R_0805_2012Metric_Pad1.20x1.40mm_HandSolder",16.500000,43.500000,90.000000,top
"R8","10k","R_0805_2012Metric_Pad1.20x1.40mm_HandSolder",157.000000,48.200000,0.000000,top
"R9","330R","R_0805_2012Metric_Pad1.20x1.40mm_HandSolder",8.000000,43.500000,270.000000,top
"R11","330R","R_0805_2012Metric_Pad1.20x1.40mm_HandSolder",8.000000,49.000000,270.000000,top
"R13","10k","R_0805_2012Metric_Pad1.20x1.40mm_HandSolder",16.500000,49.000000,90.000000,top
"R14","330R","R_0805_2012Metric_Pad1.20x1.40mm_HandSolder",161.100000,48.300000,180.000000,top
"R15","10k","R_0805_2012Metric_Pad1.20x1.40mm_HandSolder",42.545000,45.085000,270.000000,top
"R16","10k","R_0805_2012Metric_Pad1.20x1.40mm_HandSolder",38.735000,45.085000,270.000000,top
"R17","1MEG","R_0805_2012Metric_Pad1.20x1.40mm_HandSolder",52.484020,52.070000,0.000000,top
"R18","1MEG","R_0805_2012Metric_Pad1.20x1.40mm_HandSolder",48.895000,55.245000,270.000000,top
"R19","2.2k","R_0805_2012Metric_Pad1.20x1.40mm_HandSolder",51.880000,35.877500,270.000000,top
"R20","1k","R_0805_2012Metric_Pad1.20x1.40mm_HandSolder",54.610000,35.877500,270.000000,top
"R21","330R","R_0805_2012Metric_Pad1.20x1.40mm_HandSolder",85.725000,7.620000,0.000000,top
"R22","330R","R_0805_2012Metric_Pad1.20x1.40mm_HandSolder",24.765000,8.255000,0.000000,top
"R23","330R","R_0805_2012Metric_Pad1.20x1.40mm_HandSolder",145.400000,9.600000,0.000000,top
"R24","10k","R_0805_2012Metric_Pad1.20x1.40mm_HandSolder",114.604800,12.016740,90.000000,top
"R25","2.2k","R_0805_2012Metric_Pad1.20x1.40mm_HandSolder",145.400000,7.100000,180.000000,top
"R26","3.9k","R_0805_2012Metric_Pad1.20x1.40mm_HandSolder",48.602900,34.787840,0.000000,top
"R27","3.9k","R_0805_2012Metric_Pad1.20x1.40mm_HandSolder",118.110000,12.065000,90.000000,top
